{"cameraMode":{"drawMode":0,"name":"Shaded","section":"Shading Mode"},"sceneLighting":true,"audioPlay":false,"sceneViewState":{"m_AlwaysRefresh":false,"showFog":true,"showSkybox":true,"showFlares":true,"showImageEffects":true,"showParticleSystems":true,"showVisualEffectGraphs":true,"m_FxEnabled":true},"in2DMode":false,"pivot":{"x":-0.5807090401649475,"y":2.4788851737976076,"z":-3.867959499359131},"rotation":{"x":0.016189314424991609,"y":-0.008401701226830483,"z":-0.00013563632091972977,"w":-0.9998367428779602},"size":0.5793314576148987,"orthographic":false}